[{"model": "auth.user", "pk": 5, "fields": {"password": "pbkdf2_sha256$260000$jvIi2eiJqPnVAKEXTbPN4E$2zCdEN/94aWph5+COB1UcTqj5LSiIvm5xTA474wcMH4=", "last_login": "2022-08-27T13:18:37.352Z", "is_superuser": true, "username": "ljblm", "first_name": "", "last_name": "", "email": "test@test.com", "is_staff": true, "is_active": true, "date_joined": "2022-08-27T13:18:26.338Z", "groups": [], "user_permissions": []}}, {"model": "sessions.session", "pk": "18yysdavig8h3h6nrqxho6f5c7qljdsq", "fields": {"session_data": ".eJxVjEEOgyAUBe_CuiGoCNhl956BPPjfYttAIrpqevdq4qLdvpl5b-GxrclvlRc_k7iKRlx-t4D45HwAeiDfi4wlr8sc5KHIk1Y5FuLX7XT_DhJq2mvXa9MGhQDiTmNwMRINXc8WrSU1ACZMmic4A81kFbe0S9zvrAFr8fkCC0k5JA:1oNgFh:B9emupbAAu0tmUpRwNhwOeiHMI3zCIogd8tKqxK0ydw", "expire_date": "2022-08-29T19:59:57.543Z"}}, {"model": "sessions.session", "pk": "1l0fusdcolt1paf0en79mkmqiszj77vm", "fields": {"session_data": ".eJxVjruOwjAQRX_FmjqynMR5lvRbbUmQNfZMEiDEqzguVoh_x0gg7bb3nntm7mAw7rOJgTdzJughh-xvZtFdeX0VdMF18tL5dd_OVr4Q-W6D_PLEy-HN_hPMGOa0bitdF1ahReJSY9c6R9SVFTdYNKQ6xNqOmkdsa9RMjeKCEsRV6nJknaQWJ-jvoBX0-SPduHEIOHFI9uNxAGMuwa-fdIBMqEwUVSYG-I7OpXiMy_Ir0qO8M4lS_GyeotuDHOB0gscTaDlYWA:1oQnft:XZlvjA6BW4Dqsq1kBlLmY5WEmBJzDCAhPdh9KZkCFu8", "expire_date": "2022-09-07T10:31:53.880Z"}}, {"model": "sessions.session", "pk": "6qa3xnkjwgcyaqn39m9lwtci55ui57kz", "fields": {"session_data": "eyJiYWciOnsiOCI6MiwiMiI6MX19:1oPRe4:P6baMWsCFRBqis-mdZ_v4ycGZdgvDRROxJCnJkl1jMw", "expire_date": "2022-09-03T16:48:24.443Z"}}, {"model": "sessions.session", "pk": "7fpzvp5v4la0sjsfpu4e78d7rt2z7yu1", "fields": {"session_data": "e30:1oRaHx:IhHJsRkTINrCsw9EeacJo5B4N5Mm5iS7v-0nzpngCUg", "expire_date": "2022-09-09T14:26:25.814Z"}}, {"model": "sessions.session", "pk": "8dvkhms2i5nyprqlmmil2898gmw2bzyb", "fields": {"session_data": "e30:1oRbYA:j9NxPCzb46NdGWfP1J27qEgryHG80fn9k9BxeoiW9oY", "expire_date": "2022-09-09T15:47:14.635Z"}}, {"model": "sessions.session", "pk": "a7hopy7ogst2ljko4g1k4c7la40jqjns", "fields": {"session_data": ".eJxVjEEOgyAUBe_CuiGoCNhl956BPPjfYttAIrpqevdq4qLdvpl5b-GxrclvlRc_k7iKRlx-t4D45HwAeiDfi4wlr8sc5KHIk1Y5FuLX7XT_DhJq2mvXa9MGhQDiTmNwMRINXc8WrSU1ACZMmic4A81kFbe0S9zvrAFr8fkCC0k5JA:1oNZoh:v7JQg4byB-qzrL4-ce3sLXVK6prDpLt9lN4rN2wnpxA", "expire_date": "2022-08-29T13:07:39.892Z"}}, {"model": "sessions.session", "pk": "dwd0qirba1wlribpp5qm1vgcy39uuweb", "fields": {"session_data": "eyJiYWciOnsiOCI6MjYsIjIiOjEsIjE0IjoxfX0:1oPKOU:_V_OU0pqYNF94iIX5Z2Fip88vfQ0JSfQ-IoXkCRqe_E", "expire_date": "2022-09-03T09:03:50.524Z"}}, {"model": "sessions.session", "pk": "ebhmta9iqqlrd9bxyons3qllzc0quww8", "fields": {"session_data": ".eJxVjEEOgyAUBe_CuiGoCNhl956BPPjfYttAIrpqevdq4qLdvpl5b-GxrclvlRc_k7iKRlx-t4D45HwAeiDfi4wlr8sc5KHIk1Y5FuLX7XT_DhJq2mvXa9MGhQDiTmNwMRINXc8WrSU1ACZMmic4A81kFbe0S9zvrAFr8fkCC0k5JA:1oRuoo:NLBABPCDSGWiFEP6J8MuhQKrN2tlT_4x0B2CDK2my0Y", "expire_date": "2022-09-10T12:21:42.846Z"}}, {"model": "sessions.session", "pk": "egzzpv5wga0do9byg6m6mnc6l62cf7i6", "fields": {"session_data": ".eJxVjMsOwiAUBf-FtSG0pc-le7-BHLi3FjXQQJtojP9um3Sh2zNz5i0M1mUya-ZkPIlBFOL0u1m4O4cd0A3hGqWLYUneyl2RB83yEokf58P9C0zI0_buat2UVsGCuNLoO-eI-qrmFmVLqgcaO2oe0TXQTK3ikjaJ640VYL1HM-fsYzD8nH16iUF9vsxgQGE:1oQocj:D5wyt7xreymXxwP3c2oimt5OARjWQhXrulViiO21SJU", "expire_date": "2022-09-07T11:32:41.439Z"}}, {"model": "sessions.session", "pk": "f6zgccfpqyxdp7hjv1ir7oqpzl652lxb", "fields": {"session_data": ".eJxVjMsOgjAQRf9l1qQpUF5duvcbmmlngKppDQWjIfy7kLDQ7T3nnhUMLvNolsST8QQacsh-N4vuzuEAdMMwROFimCdvxaGIkyZxjcSPy-n-BUZM4_5uK1UXVqJF4lJh1zpH1JUVN1g0JDvE2vaKe2xrVEyN5IJ2iaud5cjqiCZOycdg-P300we0zCDhi40PfQQ9TwtnYHEAvW7bF8rbSVE:1oQw6o:8Ui2xXV6Sy1xVNs0BUv_4cRkyTJRplrTGp1CXJokNCE", "expire_date": "2022-09-07T19:32:14.721Z"}}, {"model": "sessions.session", "pk": "jc94q3j3o88dw5lokr5igom1hmjkwfgw", "fields": {"session_data": "e30:1oQSfb:rGARDPa0YSumiFNSpqdVfhii0j4nhP5xsQ5Xt3JtHn8", "expire_date": "2022-09-06T12:06:11.458Z"}}, {"model": "sessions.session", "pk": "n87dvz5nqtf42zl15lgjv6mwysbl0pma", "fields": {"session_data": ".eJxVjEEOgyAUBe_CuiGoCNhl956BPPjfYttAIrpqevdq4qLdvpl5b-GxrclvlRc_k7iKRlx-t4D45HwAeiDfi4wlr8sc5KHIk1Y5FuLX7XT_DhJq2mvXa9MGhQDiTmNwMRINXc8WrSU1ACZMmic4A81kFbe0S9zvrAFr8fkCC0k5JA:1oRv2u:pVZuakrZ3MQkhy3ONHMZZwT0-l8RB7qF5cpAKaMDjRM", "expire_date": "2022-09-10T12:36:16.788Z"}}, {"model": "sessions.session", "pk": "ncfr5k0w0fbsr8c9j6zuethhsq3wow3i", "fields": {"session_data": ".eJxVjEEOgyAUBe_CuiGoCNhl956BPPjfYttAIrpqevdq4qLdvpl5b-GxrclvlRc_k7iKRlx-t4D45HwAeiDfi4wlr8sc5KHIk1Y5FuLX7XT_DhJq2mvXa9MGhQDiTmNwMRINXc8WrSU1ACZMmic4A81kFbe0S9zvrAFr8fkCC0k5JA:1oRv71:3tEyDPCd3QAjtRxFj08APNDebNtwASRtj1g7o3ahnQg", "expire_date": "2022-09-10T12:40:31.374Z"}}, {"model": "sessions.session", "pk": "nof7zbcoso21cjdc3qivxnra98cqp6k6", "fields": {"session_data": ".eJxVjDsOwjAQBe_iGlnxL7Yp6XOGaNe7xgEUS3FSIe5OIqWAdmbee4sRtrWMW-NlnEhchROXX4aQnjwfgh4w36tMdV6XCeWRyNM2OVTi1-1s_w4KtLKvY68Ro3XK5Gxd71l3FLVKOlPsgFQgkwwBugzIwQWF7BkVUNiBt158vuzjOMY:1oRvht:bmpj3z0J7szTV2hDwWKOA3Wf9Q34XrOAKm2q7gO85Y4", "expire_date": "2022-09-10T13:18:37.357Z"}}, {"model": "sessions.session", "pk": "pdrvs15xbnio1keuu8c7ongwa5ljfpur", "fields": {"session_data": "e30:1oQSgB:bA3fn4mmPAwED2fRWOQM7BjaGbw7wDSlSJIMftCI2n0", "expire_date": "2022-09-06T12:06:47.310Z"}}, {"model": "sessions.session", "pk": "qvsfvlk1q94572kgin0ms28b5aigeyco", "fields": {"session_data": "eyJiYWciOnt9fQ:1oQsCd:IodvpYbEiuWLroHh2dfTjlnr9cNc88m587Wu44EPAZw", "expire_date": "2022-09-07T15:21:59.075Z"}}, {"model": "sessions.session", "pk": "t6ktahixqs2vdh8acag2jy6gwdk9lc80", "fields": {"session_data": ".eJxVjEEOgyAUBe_CuiGoCNhl956BPPjfYttAIrpqevdq4qLdvpl5b-GxrclvlRc_k7iKRlx-t4D45HwAeiDfi4wlr8sc5KHIk1Y5FuLX7XT_DhJq2mvXa9MGhQDiTmNwMRINXc8WrSU1ACZMmic4A81kFbe0S9zvrAFr8fkCC0k5JA:1oNHPh:ku6M_kqqTfhrsyUcRb12ty3DFwlFNKPapl-6TTA6Eus", "expire_date": "2022-08-28T17:28:37.529Z"}}, {"model": "sessions.session", "pk": "teq4i7lplvjlbt9qln6z5mh8x1jlpe5m", "fields": {"session_data": ".eJxVjDsOgzAQRO-yNbKwMdhQps8Z0Ni7fJIIJD4V4u4xEkXSTDHvzRzUYt-Gdl9laUemhjRlv11AfMt0AX5h6mcV52lbxqAuRd10Vc-Z5fO43b-DAeuQ1r60lQk5AlgKi9rHyFwXpTgYx3kNVKGz0sFXsMIuF8NJkjIxDbHpNKCn5iBDjc7IpzzPL7BGPeQ:1oP7nO:joPMUZbCAJB6GgxO3bNDiTwbyav01kJhoA4ydDtbKQM", "expire_date": "2022-09-02T19:36:42.125Z"}}, {"model": "sessions.session", "pk": "trabxgu9h27uj8i962p1al4ompgl76mc", "fields": {"session_data": ".eJxVjDsOgzAQBe-ydWSBMWBTpucM6Nm7fJIIJAwV4u4xEg3tm5l3kMdAzUGWGn2-qMO-jd0eZe0mpoZyemwe4SvzBfiDeVhUWOZtnby6FHXTqNqF5fe-3cfBiDim2pam0j6DB0th4GwIzK4opYauOXNA5XsjPWwFI1xnojlJUiaWQwydf6RIPNg:1oPMaV:1gKZB6WVXFxEGAyMTNyrRb-6BcSWWRg6oNY9ZQBhziE", "expire_date": "2022-09-03T11:24:23.187Z"}}, {"model": "sessions.session", "pk": "u101v5qvs8fyig4j49pzxyz9ndaxm5n9", "fields": {"session_data": ".eJxVjssOgyAURP-FdUNEEdBl936DGbhXsW0k8bEy_nsxcdFu55yZzCF67Fvs95WXfiLRCiUev5lHePN8AXphHpMMad6WyctLkTddZZeIP8_b_RuIWGNuu1qb0hfwIK40GhcCUVPVbFFaKhrA-EHzAGegmWzBJWWJ68wUWOdRj1G0Rz7YqvP8AkNkPNA:1oPIgm:ihssbe8RdDC1poBNvTMWoQ6DZQOD6ey9hJ5rVamJoCc", "expire_date": "2022-09-03T07:14:36.846Z"}}, {"model": "sessions.session", "pk": "x7xi64z1f743epirfrn8k2lin0m9xlsw", "fields": {"session_data": ".eJxVjMsOwiAUBf-FtSG0pc-le7-BHLi3FjXQQJtojP9um3Sh2zNz5i0M1mUya-ZkPIlBFOL0u1m4O4cd0A3hGqWLYUneyl2RB83yEokf58P9C0zI0_buat2UVsGCuNLoO-eI-qrmFmVLqgcaO2oe0TXQTK3ikjaJ640VYL1HM-fsYzD8nH16iUF9vsxgQGE:1oLm2S:IVW66lWdmLiu06-dnNCntV8NtHvLXqQoM4963JN0qs0", "expire_date": "2022-08-24T13:46:24.550Z"}}, {"model": "sessions.session", "pk": "y4p9cbwczra02tl8n1377umcdrr8bsoy", "fields": {"session_data": "e30:1oQSfu:MecRmYhviEIzSDP5YzkehLYCG1YgVHQ9LFEjUx8_kmM", "expire_date": "2022-09-06T12:06:30.618Z"}}, {"model": "sites.site", "pk": 1, "fields": {"domain": "example.com", "name": "example.com"}}, {"model": "home.photo", "pk": 1, "fields": {"featured_image": "AWParr_A5_Flyer_41iIJPk.png", "name": "AW Parr", "location": "Auchterarder", "description": "Logo and double sided A5 flyer design"}}, {"model": "home.photo", "pk": 2, "fields": {"featured_image": "Artboard_1_qyq5E6D.png", "name": "Qappz (Facebook gaming)", "location": "Cyprus", "description": "Logo design as part of extensive branding work."}}, {"model": "home.photo", "pk": 3, "fields": {"featured_image": "Artboard_1_8kbkbbk.png", "name": "Blossom Kind", "location": "Auchterarder", "description": "Logo design for online natural kids toy shop"}}, {"model": "home.photo", "pk": 4, "fields": {"featured_image": "Artboard_1_mtpeytx.png", "name": "Copper Blush", "location": "Crieff", "description": "Logo Design for beauty therapist based in Crieff, Perthshire"}}, {"model": "home.photo", "pk": 5, "fields": {"featured_image": "copper_cards_pOUHG28.png", "name": "Copper Blush", "location": "Crieff", "description": "Business Cards. Double sided on 450gsm cards stock."}}, {"model": "home.photo", "pk": 6, "fields": {"featured_image": "Emmie_Hair_A5_Flyer_cRfdbUN.png", "name": "Emmie Hair", "location": "Perth", "description": "A6 double sided price lists."}}, {"model": "home.photo", "pk": 7, "fields": {"featured_image": "Artboard_1_B7kdJn7.png", "name": "Bar 196", "location": "Auchterarder", "description": "Logo design for a newly refurbished bar."}}, {"model": "home.photo", "pk": 8, "fields": {"featured_image": "Plastering_Logo_Design_kKuQsXc.png", "name": "Aspect Plastering", "location": "Wimborne, Dorset", "description": "Creative logo design for a wimborne based plastering company."}}, {"model": "home.photo", "pk": 9, "fields": {"featured_image": "Artboard_1_RGiO3pc.png", "name": "Thyme Out", "location": "Auchterarder", "description": "Folded leaflets design and printed for beauty therapists"}}, {"model": "home.featuredcompany", "pk": 1, "fields": {"image_url": null, "image": "Main_Header-01_mt0ZdXC.png", "name": "Connelly", "location": "perth", "date": null, "description": "fmekfniornfrnfijr"}}, {"model": "home.featuredcompany", "pk": 2, "fields": {"image_url": null, "image": "Main_Header-01_FstDDky.png", "name": "Connelly", "location": "perth", "date": null, "description": "fmekfniornfrnfijr"}}, {"model": "home.featuredcompany", "pk": 3, "fields": {"image_url": null, "image": "Blossom_Kind_A5_Flyer_MfWmhcX.png", "name": "Blossom Kind", "location": null, "date": null, "description": "A5 double sided flyers"}}, {"model": "products.category", "pk": 10, "fields": {"name": "Cards", "friendly_name": "BusinessCards"}}, {"model": "products.category", "pk": 11, "fields": {"name": "FlyA5", "friendly_name": "FlyerA5"}}, {"model": "products.category", "pk": 12, "fields": {"name": "Logo", "friendly_name": "LogoDesign"}}, {"model": "products.category", "pk": 13, "fields": {"name": "Wedding", "friendly_name": "WeddingSign"}}, {"model": "products.category", "pk": 14, "fields": {"name": "FlyA6", "friendly_name": "FlyerA6"}}, {"model": "products.category", "pk": 15, "fields": {"name": "FlyA4", "friendly_name": "FlyerA4"}}, {"model": "products.category", "pk": 16, "fields": {"name": "FlyDL", "friendly_name": "FlyerDL"}}, {"model": "products.category", "pk": 17, "fields": {"name": "Fly148x148", "friendly_name": "Flyer148mmx148mm"}}, {"model": "products.product", "pk": 1, "fields": {"category": 10, "sku": "CRD100", "name": "100 BUSINESS CARDS", "description": "Dont be stuck without a way of giving clients your contact details. Forget using a scribbled down note and go for some of our high quality business cards.\r\n\r\nPrinted on thick 450gsm card stock, and with a choice of laminate finishes, these cards will make a great first impression. \r\n\r\nThese are a great way of letting people know your key contact information, such as - Name, Phone number, web address, email address, social media accounts, location and whatever else you want included. \r\n\r\nCard size as standard - 85mm x 55mm\r\n\r\nOnce you have completed your purchase, email over any information and images to info@millercreativedesign.com\r\n\r\nDelivery times are estimated at 4-5 working days from the final approval of design proofs.", "size": "85mm x 55mm", "quantity": "100", "image_url": null, "image": "Business_Cards-01.png", "price": "70.00"}}, {"model": "products.product", "pk": 2, "fields": {"category": 10, "sku": "CRD250", "name": "250 BUSINESS CARDS", "description": "Dont be stuck without a way of giving clients your contact details. Forget using a scribbled down note and go for some of our high quality business cards.\r\n\r\nPrinted on thick 450gsm card stock, and with a choice of laminate finishes, these cards will make a great first impression. \r\n\r\nThese are a great way of letting people know your key contact information, such as - Name, Phone number, web address, email address, social media accounts, location and whatever else you want included. \r\n\r\nCard size as standard - 85mm x 55mm\r\n\r\nOnce you have completed your purchase, email over any information and images to info@millercreativedesign.com\r\n\r\nDelivery times are estimated at 4-5 working days from the final approval of design proofs.", "size": "85mm x 55mm", "quantity": "250", "image_url": null, "image": "Business_Cards-01_biyOCmo.png", "price": "80.00"}}, {"model": "products.product", "pk": 3, "fields": {"category": 10, "sku": "CRD500", "name": "500 BUSINESS CARDS", "description": "Dont be stuck without a way of giving clients your contact details. Forget using a scribbled down note and go for some of our high quality business cards.\r\n\r\nPrinted on thick 450gsm card stock, and with a choice of laminate finishes, these cards will make a great first impression. \r\n\r\nThese are a great way of letting people know your key contact information, such as - Name, Phone number, web address, email address, social media accounts, location and whatever else you want included. \r\n\r\nCard size as standard - 85mm x 55mm\r\n\r\nOnce you have completed your purchase, email over any information and images to info@millercreativedesign.com\r\n\r\nDelivery times are estimated at 4-5 working days from the final approval of design proofs.", "size": "85mm x 55mm", "quantity": "500", "image_url": null, "image": "Business_Cards-01_rVXFKNq.png", "price": "90.00"}}, {"model": "products.product", "pk": 4, "fields": {"category": 10, "sku": "CRD1000", "name": "1000 BUSINESS CARDS", "description": "Dont be stuck without a way of giving clients your contact details. Forget using a scribbled down note and go for some of our high quality business cards.\r\n\r\nPrinted on thick 450gsm card stock, and with a choice of laminate finishes, these cards will make a great first impression. \r\n\r\nThese are a great way of letting people know your key contact information, such as - Name, Phone number, web address, email address, social media accounts, location and whatever else you want included. \r\n\r\nCard size as standard - 85mm x 55mm\r\n\r\nOnce you have completed your purchase, email over any information and images to info@millercreativedesign.com\r\n\r\nDelivery times are estimated at 4-5 working days from the final approval of design proofs.", "size": "85mm x 55mm", "quantity": "1000", "image_url": null, "image": "Business_Cards-01_MvmIdi9.png", "price": "100.00"}}, {"model": "products.product", "pk": 5, "fields": {"category": 10, "sku": "CRD2000", "name": "2000 BUSINESS CARDS", "description": "Dont be stuck without a way of giving clients your contact details. Forget using a scribbled down note and go for some of our high quality business cards.\r\n\r\nPrinted on thick 450gsm card stock, and with a choice of laminate finishes, these cards will make a great first impression. \r\n\r\nThese are a great way of letting people know your key contact information, such as - Name, Phone number, web address, email address, social media accounts, location and whatever else you want included. \r\n\r\nCard size as standard - 85mm x 55mm\r\n\r\nOnce you have completed your purchase, email over any information and images to info@millercreativedesign.com\r\n\r\nDelivery times are estimated at 4-5 working days from the final approval of design proofs.", "size": "85mm x 55mm", "quantity": "2000", "image_url": null, "image": "Business_Cards-01_rwxBrLt.png", "price": "120.00"}}, {"model": "products.product", "pk": 6, "fields": {"category": 11, "sku": "FLYA5100", "name": "100 A5 FLYERS", "description": "sgsvsyuwbjhw", "size": null, "quantity": "100", "image_url": null, "image": "A5_Flyer-01.png", "price": "70.00"}}, {"model": "products.product", "pk": 7, "fields": {"category": 11, "sku": "FLYA5250", "name": "250 A5 FLYERS", "description": "xsxsxsxwxwxwxw", "size": null, "quantity": "250", "image_url": null, "image": "A5_Flyer-01_p7vbWbI.png", "price": "90.00"}}, {"model": "products.product", "pk": 9, "fields": {"category": 11, "sku": "FLYA5500", "name": "500 A5 FLYERS", "description": "scbcbiueiu", "size": null, "quantity": "500", "image_url": null, "image": "A5_Flyer-01_Vh8aDlo.png", "price": "110.00"}}, {"model": "products.product", "pk": 10, "fields": {"category": 13, "sku": "WEDA3", "name": "A3 WEDDING SIGN", "description": "uceiucune", "size": "A3", "quantity": null, "image_url": null, "image": "Wedding_sign_design.png", "price": "85.00"}}, {"model": "products.product", "pk": 11, "fields": {"category": 13, "sku": "WEDA2", "name": "A2 WEDDING SIGN", "description": "cscscwcwcd", "size": "A2", "quantity": null, "image_url": null, "image": "Wedding_sign_design_VQP8ZKs.png", "price": "100.00"}}, {"model": "products.product", "pk": 12, "fields": {"category": 13, "sku": "WEDA0", "name": "A0 WEDDING SIGN", "description": "cegdwgdyuwgdiu", "size": "A0", "quantity": null, "image_url": null, "image": "Wedding_sign_design_nUgzI4A.png", "price": "150.00"}}, {"model": "products.product", "pk": 13, "fields": {"category": 13, "sku": "WEDA1", "name": "A1 WEDDING SIGN", "description": "cegdwgdyuwgdiu", "size": "A1", "quantity": null, "image_url": null, "image": "Wedding_sign_design_GnyZidG.png", "price": "120.00"}}, {"model": "products.product", "pk": 14, "fields": {"category": 11, "sku": "FLYA51000", "name": "1000 A5 FLYERS", "description": "diendioe", "size": null, "quantity": "1000", "image_url": null, "image": "A5_Flyer-01_ibWhNbx.png", "price": "130.00"}}, {"model": "products.product", "pk": 15, "fields": {"category": 11, "sku": "FLYA52000", "name": "2000 A5 FLYERS", "description": "ndijednbjebeb", "size": null, "quantity": "2000", "image_url": null, "image": "A5_Flyer-01_8k2xXug.png", "price": "160.00"}}, {"model": "products.product", "pk": 16, "fields": {"category": 14, "sku": "FLYA6100", "name": "100 A6 FLYERS", "description": "bheibdiibn", "size": null, "quantity": "100", "image_url": null, "image": "A6_Flyer-01.png", "price": "60.00"}}, {"model": "products.product", "pk": 17, "fields": {"category": 14, "sku": "FLYA6250", "name": "250 A6 FLYERS", "description": "jfioenfkje", "size": null, "quantity": "250", "image_url": null, "image": "A6_Flyer-01_0ty2hX6.png", "price": "70.00"}}, {"model": "products.product", "pk": 18, "fields": {"category": 14, "sku": "FLYA6500", "name": "500 A6 FLYERS", "description": "dnejnjienide", "size": null, "quantity": "500", "image_url": null, "image": "A6_Flyer-01_h0fwkpA.png", "price": "80.00"}}, {"model": "products.product", "pk": 19, "fields": {"category": 14, "sku": "FLYA61000", "name": "1000 A6 FLYERS", "description": "djwooinodiw", "size": null, "quantity": "1000", "image_url": null, "image": "A6_Flyer-01_4fnliVH.png", "price": "90.00"}}, {"model": "products.product", "pk": 20, "fields": {"category": 14, "sku": "FLYA62000", "name": "2000 A6 FLYERS", "description": "dmelwncde", "size": null, "quantity": "2000", "image_url": null, "image": "A6_Flyer-01_FXLtnBT.png", "price": "100.00"}}, {"model": "products.product", "pk": 21, "fields": {"category": 14, "sku": "FLYA65000", "name": "5000 A6 FLYERS", "description": "cnejkcnk", "size": null, "quantity": "5000", "image_url": null, "image": "A6_Flyer-01_e8pQ5fm.png", "price": "120.00"}}, {"model": "products.product", "pk": 22, "fields": {"category": 15, "sku": "FLYA4100", "name": "100 A4 FLYERS", "description": "dnwjidniw", "size": null, "quantity": "100", "image_url": null, "image": "A4_Flyer-01.png", "price": "70.00"}}, {"model": "products.product", "pk": 23, "fields": {"category": 15, "sku": "FLYA4250", "name": "250 A4 FLYERS", "description": "dheuicniuek", "size": null, "quantity": "250", "image_url": null, "image": "A4_Flyer-01_xwdD4xi.png", "price": "80.00"}}, {"model": "products.product", "pk": 24, "fields": {"category": 15, "sku": "FLYA4500", "name": "500 A4 FLYERS", "description": "ndmliwndiowenio", "size": null, "quantity": "500", "image_url": null, "image": "A4_Flyer-01_SCaJ8d2.png", "price": "90.00"}}, {"model": "products.product", "pk": 25, "fields": {"category": 15, "sku": "FLYA41000", "name": "1000 A4 Flyers", "description": "mklendklelk", "size": null, "quantity": "1000", "image_url": null, "image": "A4_Flyer-01_1XbPDqe.png", "price": "100.00"}}, {"model": "products.product", "pk": 26, "fields": {"category": 15, "sku": "FLYA42000", "name": "2000 A4 FLYERS", "description": "ndkljwnklwnmkl", "size": null, "quantity": "2000", "image_url": null, "image": "A4_Flyer-01_9jz70Jd.png", "price": "120.00"}}, {"model": "products.product", "pk": 27, "fields": {"category": 15, "sku": "FLYA45000", "name": "5000 A4 FLYERS", "description": "nmkelndklenkdle", "size": null, "quantity": "5000", "image_url": null, "image": "A4_Flyer-01_uZn2KuT.png", "price": "160.00"}}, {"model": "products.product", "pk": 28, "fields": {"category": 17, "sku": "FLY148100", "name": "100 148mm X 148mm FLYERS", "description": "dnwjindijkw", "size": null, "quantity": "100", "image_url": null, "image": "148x148_Flyer-01.png", "price": "50.00"}}, {"model": "products.product", "pk": 29, "fields": {"category": 17, "sku": "FLY148250", "name": "250 148mm X 148mm FLYERS", "description": "cklcklekl", "size": null, "quantity": "250", "image_url": null, "image": "148x148_Flyer-01_1sxdf54.png", "price": "60.00"}}, {"model": "products.product", "pk": 30, "fields": {"category": 17, "sku": "FLY148500", "name": "500 148mm X 148mm FLYERS", "description": "dmeklmdklemld", "size": null, "quantity": "500", "image_url": null, "image": "148x148_Flyer-01_dlVqaJx.png", "price": "70.00"}}, {"model": "products.product", "pk": 31, "fields": {"category": 17, "sku": "FLY1481000", "name": "1000 148mm X 148mm FLYERS", "description": "cmepcwm;", "size": null, "quantity": "1000", "image_url": null, "image": "148x148_Flyer-01_fODtjsK.png", "price": "80.00"}}, {"model": "products.product", "pk": 32, "fields": {"category": 17, "sku": "FLY1482000", "name": "2000 148mm X 148mm FLYERS", "description": ";md;lwm;lm;ew", "size": null, "quantity": "2000", "image_url": null, "image": "148x148_Flyer-01_5NeUsgg.png", "price": "100.00"}}, {"model": "products.product", "pk": 33, "fields": {"category": 17, "sku": "FLY1485000", "name": "5000 148mm X 148mm FLYERS", "description": "lnklwnlkxnlwk", "size": null, "quantity": "5000", "image_url": null, "image": "148x148_Flyer-01_7dW8xeT.png", "price": "130.00"}}, {"model": "products.product", "pk": 34, "fields": {"category": 16, "sku": "FLYDL100", "name": "100 DL FLYERS", "description": "mckle cklekl", "size": null, "quantity": "100", "image_url": null, "image": "DL_Flyer-01.png", "price": "50.00"}}, {"model": "products.product", "pk": 35, "fields": {"category": 16, "sku": "FLYDL250", "name": "250 DL FLYERS", "description": "mwmlwmlkdwml", "size": null, "quantity": "250", "image_url": null, "image": "DL_Flyer-01_tItz3Of.png", "price": "60.00"}}, {"model": "products.product", "pk": 36, "fields": {"category": 16, "sku": "FLYDL500", "name": "500 DL FLYERS", "description": "ondkndjknekjcnejknc", "size": null, "quantity": "500", "image_url": null, "image": "DL_Flyer-01_cyjNaV7.png", "price": "70.00"}}, {"model": "products.product", "pk": 37, "fields": {"category": 16, "sku": "FLYDL1000", "name": "1000 DL FLYERS", "description": "lkmkldoiewubckw", "size": null, "quantity": "1000", "image_url": null, "image": "DL_Flyer-01_AEC7bPj.png", "price": "80.00"}}, {"model": "products.product", "pk": 38, "fields": {"category": 16, "sku": "FLYDL2000", "name": "2000 DL FLYERS", "description": "kcmlkllnxmsndnow", "size": null, "quantity": "2000", "image_url": null, "image": "DL_Flyer-01_E3rvrgb.png", "price": "100.00"}}, {"model": "products.product", "pk": 39, "fields": {"category": 16, "sku": "FLYDL5000", "name": "5000 DL FLYERS", "description": "oinodwoinwpdoin", "size": null, "quantity": "5000", "image_url": null, "image": "DL_Flyer-01_yOnoEKU.png", "price": "130.00"}}, {"model": "products.product", "pk": 56, "fields": {"category": 12, "sku": "LOGO", "name": "Logo Design", "description": "What does a logo do?\r\nA logo makes you stand out from the competition.\r\nA logo identifies key information about your business.\r\n\r\nWe create clean customised logos to suit what your business represents.\r\n\r\nWhether you are a new business or looking for a refresh we can help you. \r\nWe have created many logos for Perthshire businesses as well as international over the past few years.\r\n\r\nOur process starts with offering a few options, then unlimited amendments until we have the final design.", "size": null, "quantity": null, "image_url": null, "image": "Main_Header-01_nNZM2OU.png", "price": "99.00"}}, {"model": "profiles.userprofile", "pk": 5, "fields": {"user": 5, "default_phone_number": null, "default_street_address1": null, "default_street_address2": null, "default_town_or_city": null, "default_county": null, "default_postcode": null, "default_country": null}}]